filename,origin,Type
lyyerzyn.jpg,dataset/source/Type0/0.jpg,Type0
tktklxmx.jpg,dataset/source/Type0/5.jpg,Type0
oqzllfng.jpg,dataset/source/Type0/13.jpg,Type0
nrcmjrpz.jpg,dataset/source/Type0/15.jpg,Type0
gslltzeb.jpg,dataset/source/Type0/31.jpg,Type0
dolzrnhu.jpg,dataset/source/Type0/35.jpg,Type0
sjzygzdd.jpg,dataset/source/Type0/38.jpg,Type0
euabjijm.jpg,dataset/source/Type0/45.jpg,Type0
ttgwcysq.jpg,dataset/source/Type0/55.jpg,Type0
bkckhchq.jpg,dataset/source/Type0/57.jpg,Type0
fmyjkoaa.jpg,dataset/source/Type0/65.jpg,Type0
figmmubt.jpg,dataset/source/Type0/66.jpg,Type0
hjhkqwyl.jpg,dataset/source/Type0/74.jpg,Type0
ikttttkx.jpg,dataset/source/Type0/77.jpg,Type0
feqotyfa.jpg,dataset/source/Type0/79.jpg,Type0
qzwgehfa.jpg,dataset/source/Type0/84.jpg,Type0
yikbwzlv.jpg,dataset/source/Type0/89.jpg,Type0
dmoitswo.jpg,dataset/source/Type0/98.jpg,Type0
xlbcvlfx.jpg,dataset/source/Type0/99.jpg,Type0
awmkntso.jpg,dataset/source/Type0/102.jpg,Type0
jvhjidvj.jpg,dataset/source/Type0/104.jpg,Type0
reoimwpp.jpg,dataset/source/Type0/113.jpg,Type0
frvngloc.jpg,dataset/source/Type0/117.jpg,Type0
zvieaihx.jpg,dataset/source/Type0/141.jpg,Type0
klegrlhw.jpg,dataset/source/Type0/150.jpg,Type0
ehjsiziu.jpg,dataset/source/Type0/153.jpg,Type0
gkxmugvr.jpg,dataset/source/Type0/155.jpg,Type0
qzyeycgi.jpg,dataset/source/Type0/157.jpg,Type0
bgqdfwdl.jpg,dataset/source/Type0/159.jpg,Type0
fwzpcmtt.jpg,dataset/source/Type0/163.jpg,Type0
lfeaxlsg.jpg,dataset/source/Type0/170.jpg,Type0
inzukftl.jpg,dataset/source/Type0/175.jpg,Type0
extlrqyq.jpg,dataset/source/Type0/186.jpg,Type0
kgrlzisx.jpg,dataset/source/Type0/190.jpg,Type0
vsfelmrv.jpg,dataset/source/Type0/192.jpg,Type0
qzbugbxo.jpg,dataset/source/Type0/211.jpg,Type0
lzyitlka.jpg,dataset/source/Type0/212.jpg,Type0
krufxvrf.jpg,dataset/source/Type0/214.jpg,Type0
dbsorjmr.jpg,dataset/source/Type0/223.jpg,Type0
acoqrzim.jpg,dataset/source/Type0/224.jpg,Type0
ohwdhvah.jpg,dataset/source/Type0/229.jpg,Type0
obnqeyfc.jpg,dataset/source/Type0/231.jpg,Type0
iatldxzv.jpg,dataset/source/Type0/233.jpg,Type0
mxlmpjwu.jpg,dataset/source/Type0/236.jpg,Type0
eyxbdorf.jpg,dataset/source/Type0/243.jpg,Type0
smtyotni.jpg,dataset/source/Type0/246.jpg,Type0
eiuagumj.jpg,dataset/source/Type0/251.jpg,Type0
lrmiixnk.jpg,dataset/source/Type0/252.jpg,Type0
utyaasjl.jpg,dataset/source/Type0/254.jpg,Type0
tjyqknoo.jpg,dataset/source/Type0/262.jpg,Type0
balyccnc.jpg,dataset/source/Type0/268.jpg,Type0
qateajyi.jpg,dataset/source/Type0/273.jpg,Type0
ylpajgzg.jpg,dataset/source/Type0/278.jpg,Type0
xnynxttt.jpg,dataset/source/Type0/282.jpg,Type0
oqbgeoua.jpg,dataset/source/Type0/290.jpg,Type0
fggvgchw.jpg,dataset/source/Type0/295.jpg,Type0
xvanvdqt.jpg,dataset/source/Type0/296.jpg,Type0
eevmkjgm.jpg,dataset/source/Type0/300.jpg,Type0
vtajibir.jpg,dataset/source/Type0/303.jpg,Type0
mnjqkkjh.jpg,dataset/source/Type0/304.jpg,Type0
uoylgixr.jpg,dataset/source/Type0/311.jpg,Type0
tpligyuu.jpg,dataset/source/Type0/323.jpg,Type0
hswijapx.jpg,dataset/source/Type0/332.jpg,Type0
qizyzpei.jpg,dataset/source/Type0/340.jpg,Type0
qcvbdocg.jpg,dataset/source/Type0/344.jpg,Type0
dsvdkffj.jpg,dataset/source/Type0/346.jpg,Type0
ttdosphj.jpg,dataset/source/Type0/348.jpg,Type0
dxguehfy.jpg,dataset/source/Type0/351.jpg,Type0
nszndpcx.jpg,dataset/source/Type0/357.jpg,Type0
lxzezsff.jpg,dataset/source/Type0/360.jpg,Type0
sexduykp.jpg,dataset/source/Type0/365.jpg,Type0
yarylbag.jpg,dataset/source/Type0/366.jpg,Type0
mrizzuwe.jpg,dataset/source/Type0/367.jpg,Type0
uuqfdmzx.jpg,dataset/source/Type0/369.jpg,Type0
eufllyeh.jpg,dataset/source/Type0/370.jpg,Type0
hoyqtrrr.jpg,dataset/source/Type0/371.jpg,Type0
wnkdovbc.jpg,dataset/source/Type0/373.jpg,Type0
ofcqladi.jpg,dataset/source/Type0/377.jpg,Type0
ehaqkbtj.jpg,dataset/source/Type0/384.jpg,Type0
vwxmpbem.jpg,dataset/source/Type0/389.jpg,Type0
pdmvobwx.jpg,dataset/source/Type0/396.jpg,Type0
jhtxtwgv.jpg,dataset/source/Type0/404.jpg,Type0
hnmxfjtq.jpg,dataset/source/Type0/409.jpg,Type0
topzeptu.jpg,dataset/source/Type0/410.jpg,Type0
cfbhgvvx.jpg,dataset/source/Type0/412.jpg,Type0
xkopmdor.jpg,dataset/source/Type0/421.jpg,Type0
jyjfcvoz.jpg,dataset/source/Type0/424.jpg,Type0
jbmjptlz.jpg,dataset/source/Type0/429.jpg,Type0
ggbugtba.jpg,dataset/source/Type0/438.jpg,Type0
latvjltm.jpg,dataset/source/Type0/442.jpg,Type0
fjqdmkwj.jpg,dataset/source/Type0/451.jpg,Type0
gcfwovdn.jpg,dataset/source/Type0/461.jpg,Type0
wagtgrzp.jpg,dataset/source/Type0/464.jpg,Type0
pnlznqgt.jpg,dataset/source/Type0/479.jpg,Type0
ctxslgqu.jpg,dataset/source/Type0/480.jpg,Type0
mycxmyck.jpg,dataset/source/Type0/485.jpg,Type0
yzgmspwv.jpg,dataset/source/Type0/491.jpg,Type0
qcjlobgt.jpg,dataset/source/Type0/492.jpg,Type0
uuzksjri.jpg,dataset/source/Type0/493.jpg,Type0
tidlsghc.jpg,dataset/source/Type0/496.jpg,Type0
ktocqokl.jpg,dataset/source/Type0/498.jpg,Type0
dgxhjgjm.jpg,dataset/source/Type0/510.jpg,Type0
fjfebczs.jpg,dataset/source/Type0/518.jpg,Type0
bznabfng.jpg,dataset/source/Type0/521.jpg,Type0
wiutpmpc.jpg,dataset/source/Type0/522.jpg,Type0
lyrbptuc.jpg,dataset/source/Type0/526.jpg,Type0
gzeodzgk.jpg,dataset/source/Type0/527.jpg,Type0
ctpklgzh.jpg,dataset/source/Type0/529.jpg,Type0
rrvewlzm.jpg,dataset/source/Type0/530.jpg,Type0
bygrvyoh.jpg,dataset/source/Type0/532.jpg,Type0
pvrnivbn.jpg,dataset/source/Type0/541.jpg,Type0
pruiaiko.jpg,dataset/source/Type0/550.jpg,Type0
slaxnxby.jpg,dataset/source/Type0/559.jpg,Type0
sfsbsccw.jpg,dataset/source/Type0/568.jpg,Type0
wbrzwqlx.jpg,dataset/source/Type0/579.jpg,Type0
ngeptzgq.jpg,dataset/source/Type0/590.jpg,Type0
snqyknmc.jpg,dataset/source/Type0/591.jpg,Type0
jwtmxfoe.jpg,dataset/source/Type0/592.jpg,Type0
hcpirjhk.jpg,dataset/source/Type0/594.jpg,Type0
vrdaigfd.jpg,dataset/source/Type0/597.jpg,Type0
bhotphhs.jpg,dataset/source/Type0/599.jpg,Type0
hzesnfna.jpg,dataset/source/Type0/605.jpg,Type0
twfjkpjh.jpg,dataset/source/Type0/614.jpg,Type0
ktvtxxns.jpg,dataset/source/Type0/619.jpg,Type0
qgtiynaj.jpg,dataset/source/Type0/620.jpg,Type0
pozsruen.jpg,dataset/source/Type0/630.jpg,Type0
lxjuotmc.jpg,dataset/source/Type0/631.jpg,Type0
hnkaoqry.jpg,dataset/source/Type0/639.jpg,Type0
vrsyxoda.jpg,dataset/source/Type0/641.jpg,Type0
kbaaxyoq.jpg,dataset/source/Type0/645.jpg,Type0
iakckjwu.jpg,dataset/source/Type0/649.jpg,Type0
wfunpsfl.jpg,dataset/source/Type0/656.jpg,Type0
dibbuquq.jpg,dataset/source/Type0/670.jpg,Type0
xbypmldt.jpg,dataset/source/Type0/677.jpg,Type0
gpbqrwxg.jpg,dataset/source/Type0/680.jpg,Type0
exugruib.jpg,dataset/source/Type0/681.jpg,Type0
xlhksqxe.jpg,dataset/source/Type0/686.jpg,Type0
wnqtqhzc.jpg,dataset/source/Type0/692.jpg,Type0
ykmrcqfd.jpg,dataset/source/Type0/699.jpg,Type0
plrvmmbf.jpg,dataset/source/Type0/703.jpg,Type0
jjsiapix.jpg,dataset/source/Type0/709.jpg,Type0
cpkqkfah.jpg,dataset/source/Type0/714.jpg,Type0
goaqguft.jpg,dataset/source/Type0/715.jpg,Type0
zqsxufji.jpg,dataset/source/Type0/718.jpg,Type0
zfcqupfv.jpg,dataset/source/Type0/726.jpg,Type0
qxciregm.jpg,dataset/source/Type0/730.jpg,Type0
kobaxcxv.jpg,dataset/source/Type0/731.jpg,Type0
adtnmudj.jpg,dataset/source/Type0/734.jpg,Type0
rpjeezmo.jpg,dataset/source/Type0/735.jpg,Type0
ioybabtl.jpg,dataset/source/Type0/746.jpg,Type0
prvpbspx.jpg,dataset/source/Type0/747.jpg,Type0
epryxltx.jpg,dataset/source/Type0/757.jpg,Type0
jmsidmav.jpg,dataset/source/Type0/763.jpg,Type0
psbblygt.jpg,dataset/source/Type0/770.jpg,Type0
bhzmgckj.jpg,dataset/source/Type0/774.jpg,Type0
mioucfar.jpg,dataset/source/Type0/779.jpg,Type0
wlxbezxc.jpg,dataset/source/Type0/781.jpg,Type0
hwnpidew.jpg,dataset/source/Type0/784.jpg,Type0
arrvpsgx.jpg,dataset/source/Type0/785.jpg,Type0
rbzrnauq.jpg,dataset/source/Type0/787.jpg,Type0
ntjketuy.jpg,dataset/source/Type0/790.jpg,Type0
coihqobh.jpg,dataset/source/Type0/791.jpg,Type0
nrndogvw.jpg,dataset/source/Type0/793.jpg,Type0
dqsvzjmo.jpg,dataset/source/Type0/799.jpg,Type0
xbbfprmx.jpg,dataset/source/Type0/800.jpg,Type0
spasnyxl.jpg,dataset/source/Type0/805.jpg,Type0
monqavbl.jpg,dataset/source/Type0/811.jpg,Type0
mrrbeybp.jpg,dataset/source/Type0/818.jpg,Type0
whthfhug.jpg,dataset/source/Type0/821.jpg,Type0
mvxoyefm.jpg,dataset/source/Type0/823.jpg,Type0
rrajfrgy.jpg,dataset/source/Type0/830.jpg,Type0
vswapfvp.jpg,dataset/source/Type0/834.jpg,Type0
bweccqyl.jpg,dataset/source/Type0/838.jpg,Type0
haaslrgx.jpg,dataset/source/Type0/840.jpg,Type0
glazsssg.jpg,dataset/source/Type0/841.jpg,Type0
mqlepfwg.jpg,dataset/source/Type0/844.jpg,Type0
pujptmzm.jpg,dataset/source/Type0/848.jpg,Type0
fffnnqww.jpg,dataset/source/Type0/850.jpg,Type0
bndgsmyw.jpg,dataset/source/Type0/862.jpg,Type0
klqsrmhz.jpg,dataset/source/Type0/864.jpg,Type0
xnynejfb.jpg,dataset/source/Type0/867.jpg,Type0
mvmtfmvs.jpg,dataset/source/Type0/871.jpg,Type0
mpiihdxw.jpg,dataset/source/Type0/872.jpg,Type0
zffuvlsx.jpg,dataset/source/Type0/881.jpg,Type0
bpfngmbk.jpg,dataset/source/Type0/883.jpg,Type0
pqasziyz.jpg,dataset/source/Type0/885.jpg,Type0
zgbcphys.jpg,dataset/source/Type0/886.jpg,Type0
trbwricp.jpg,dataset/source/Type0/905.jpg,Type0
beonbyjo.jpg,dataset/source/Type0/907.jpg,Type0
cjnqpxgq.jpg,dataset/source/Type0/909.jpg,Type0
lpuecadz.jpg,dataset/source/Type0/918.jpg,Type0
bqzxltqk.jpg,dataset/source/Type0/919.jpg,Type0
bnbbpseb.jpg,dataset/source/Type0/937.jpg,Type0
asedqtxq.jpg,dataset/source/Type0/939.jpg,Type0
utjwvrky.jpg,dataset/source/Type0/945.jpg,Type0
axjjbhgh.jpg,dataset/source/Type0/951.jpg,Type0
wmeeqhoa.jpg,dataset/source/Type0/954.jpg,Type0
toownrhg.jpg,dataset/source/Type0/959.jpg,Type0
ytoqejdw.jpg,dataset/source/Type0/963.jpg,Type0
eynrvbig.jpg,dataset/source/Type0/966.jpg,Type0
stczatjg.jpg,dataset/source/Type0/973.jpg,Type0
jluizhhg.jpg,dataset/source/Type0/978.jpg,Type0
fceyrlpl.jpg,dataset/source/Type0/982.jpg,Type0
pqbtnrdr.jpg,dataset/source/Type0/986.jpg,Type0
nvdiegli.jpg,dataset/source/Type0/991.jpg,Type0
qzzadmrr.jpg,dataset/source/Type0/992.jpg,Type0
fozgyjes.jpg,dataset/source/Type0/1003.jpg,Type0
fytieriv.jpg,dataset/source/Type0/1022.jpg,Type0
btxrtlkh.jpg,dataset/source/Type0/1027.jpg,Type0
knkiytpf.jpg,dataset/source/Type0/1029.jpg,Type0
reejzccf.jpg,dataset/source/Type0/1031.jpg,Type0
nwmxshay.jpg,dataset/source/Type0/1032.jpg,Type0
fvxmolzt.jpg,dataset/source/Type0/1037.jpg,Type0
gcaxmkgt.jpg,dataset/source/Type0/1039.jpg,Type0
upokpcuo.jpg,dataset/source/Type0/1040.jpg,Type0
bfmqrdrf.jpg,dataset/source/Type0/1046.jpg,Type0
nskcaiwi.jpg,dataset/source/Type0/1053.jpg,Type0
qudvdaei.jpg,dataset/source/Type0/1058.jpg,Type0
zcnbnqvq.jpg,dataset/source/Type0/1062.jpg,Type0
agumpnzd.jpg,dataset/source/Type0/1063.jpg,Type0
aughwsyz.jpg,dataset/source/Type0/1068.jpg,Type0
bipsrocj.jpg,dataset/source/Type0/1082.jpg,Type0
mbgigfmn.jpg,dataset/source/Type0/1086.jpg,Type0
exkoosht.jpg,dataset/source/Type0/1093.jpg,Type0
yiiehvcx.jpg,dataset/source/Type0/1094.jpg,Type0
sygiejex.jpg,dataset/source/Type0/1095.jpg,Type0
ulyrebrz.jpg,dataset/source/Type0/1099.jpg,Type0
hkyxykge.jpg,dataset/source/Type0/1100.jpg,Type0
bfdvddeg.jpg,dataset/source/Type0/1112.jpg,Type0
pnjcvbnn.jpg,dataset/source/Type0/1118.jpg,Type0
vuualqpb.jpg,dataset/source/Type0/1121.jpg,Type0
wpmejtky.jpg,dataset/source/Type0/1131.jpg,Type0
ejierukw.jpg,dataset/source/Type0/1134.jpg,Type0
qvhxwglg.jpg,dataset/source/Type0/1142.jpg,Type0
okmkvtha.jpg,dataset/source/Type0/1152.jpg,Type0
wahfcnuk.jpg,dataset/source/Type0/1157.jpg,Type0
worlinxx.jpg,dataset/source/Type0/1159.jpg,Type0
vzbkedjs.jpg,dataset/source/Type0/1162.jpg,Type0
qwvnbnbh.jpg,dataset/source/Type0/1167.jpg,Type0
awqbpsih.jpg,dataset/source/Type0/1171.jpg,Type0
nwibsztn.jpg,dataset/source/Type0/1172.jpg,Type0
kminsftx.jpg,dataset/source/Type0/1174.jpg,Type0
jpowfojf.jpg,dataset/source/Type0/1177.jpg,Type0
pfywgkew.jpg,dataset/source/Type0/1185.jpg,Type0
qqkfdzbk.jpg,dataset/source/Type0/1190.jpg,Type0
zqjpwhlp.jpg,dataset/source/Type0/1199.jpg,Type0
kefufsui.jpg,dataset/source/Type0/1203.jpg,Type0
xkdxkbpg.jpg,dataset/source/Type0/1204.jpg,Type0
lzncuoit.jpg,dataset/source/Type0/1226.jpg,Type0
emxueexb.jpg,dataset/source/Type0/1233.jpg,Type0
htnispvg.jpg,dataset/source/Type0/1234.jpg,Type0
ijpahrjf.jpg,dataset/source/Type0/1236.jpg,Type0
qzngyjye.jpg,dataset/source/Type0/1243.jpg,Type0
xthvktue.jpg,dataset/source/Type0/1251.jpg,Type0
ahbsuxmg.jpg,dataset/source/Type0/1256.jpg,Type0
zoiuljgz.jpg,dataset/source/Type0/1261.jpg,Type0
cueaelvk.jpg,dataset/source/Type0/1264.jpg,Type0
rfmrpvxf.jpg,dataset/source/Type0/1265.jpg,Type0
sizmmlnk.jpg,dataset/source/Type0/1267.jpg,Type0
bprxjqsp.jpg,dataset/source/Type0/1271.jpg,Type0
dnzepuvv.jpg,dataset/source/Type0/1274.jpg,Type0
dkevthal.jpg,dataset/source/Type0/1283.jpg,Type0
aspygejo.jpg,dataset/source/Type0/1287.jpg,Type0
jwbinsbh.jpg,dataset/source/Type0/1309.jpg,Type0
sfpexnqr.jpg,dataset/source/Type0/1312.jpg,Type0
rbqwjzru.jpg,dataset/source/Type0/1318.jpg,Type0
tlmjrasb.jpg,dataset/source/Type0/1330.jpg,Type0
ahcrrufb.jpg,dataset/source/Type0/1338.jpg,Type0
uvahtrsb.jpg,dataset/source/Type0/1339.jpg,Type0
euyuqjpd.jpg,dataset/source/Type0/1343.jpg,Type0
txewbamg.jpg,dataset/source/Type0/1344.jpg,Type0
qzqcidhc.jpg,dataset/source/Type0/1346.jpg,Type0
xmodchkr.jpg,dataset/source/Type0/1351.jpg,Type0
ynoajtze.jpg,dataset/source/Type0/1353.jpg,Type0
dgjngjhe.jpg,dataset/source/Type0/1355.jpg,Type0
yolxfcsa.jpg,dataset/source/Type0/1358.jpg,Type0
hyxfjmux.jpg,dataset/source/Type0/1375.jpg,Type0
ikgsowvc.jpg,dataset/source/Type0/1379.jpg,Type0
pkoasddt.jpg,dataset/source/Type0/1383.jpg,Type0
ymupuleg.jpg,dataset/source/Type0/1386.jpg,Type0
laeccgij.jpg,dataset/source/Type0/1393.jpg,Type0
kdnrmkec.jpg,dataset/source/Type0/1407.jpg,Type0
gbqernyc.jpg,dataset/source/Type0/1411.jpg,Type0
ioxhgojv.jpg,dataset/source/Type0/1419.jpg,Type0
ovgmvhua.jpg,dataset/source/Type0/1425.jpg,Type0
edfquodr.jpg,dataset/source/Type2/1.jpg,Type2
ewtjokid.jpg,dataset/source/Type2/2.jpg,Type2
jyfqoksh.jpg,dataset/source/Type2/3.jpg,Type2
fyinjfee.jpg,dataset/source/Type2/18.jpg,Type2
zjabswud.jpg,dataset/source/Type2/21.jpg,Type2
luygqsay.jpg,dataset/source/Type2/42.jpg,Type2
eoqlgvyy.jpg,dataset/source/Type2/48.jpg,Type2
fvgmvcvq.jpg,dataset/source/Type2/49.jpg,Type2
seiphzut.jpg,dataset/source/Type2/50.jpg,Type2
egqbzndg.jpg,dataset/source/Type2/55.jpg,Type2
rgrnaxss.jpg,dataset/source/Type2/59.jpg,Type2
htkkundj.jpg,dataset/source/Type2/60.jpg,Type2
hsphipnz.jpg,dataset/source/Type2/67.jpg,Type2
ywzshjhp.jpg,dataset/source/Type2/69.jpg,Type2
kkxefhij.jpg,dataset/source/Type2/75.jpg,Type2
isymyohc.jpg,dataset/source/Type2/79.jpg,Type2
pxnbjuan.jpg,dataset/source/Type2/80.jpg,Type2
zibsvjpm.jpg,dataset/source/Type2/99.jpg,Type2
iiwustfr.jpg,dataset/source/Type2/105.jpg,Type2
pckmvivt.jpg,dataset/source/Type2/107.jpg,Type2
vkqgudme.jpg,dataset/source/Type2/108.jpg,Type2
khmbsmly.jpg,dataset/source/Type2/110.jpg,Type2
yqmjewon.jpg,dataset/source/Type2/118.jpg,Type2
xbxpajsx.jpg,dataset/source/Type2/122.jpg,Type2
tevrbkjb.jpg,dataset/source/Type2/130.jpg,Type2
ovoafcml.jpg,dataset/source/Type2/132.jpg,Type2
emenunry.jpg,dataset/source/Type2/143.jpg,Type2
ysktcmmp.jpg,dataset/source/Type2/145.jpg,Type2
crvqadhe.jpg,dataset/source/Type2/147.jpg,Type2
nxjuzpzr.jpg,dataset/source/Type2/149.jpg,Type2
jhmfmype.jpg,dataset/source/Type2/156.jpg,Type2
qfhmobnt.jpg,dataset/source/Type2/159.jpg,Type2
tejciodi.jpg,dataset/source/Type2/161.jpg,Type2
cchsgcgj.jpg,dataset/source/Type2/167.jpg,Type2
sdbcgvto.jpg,dataset/source/Type2/169.jpg,Type2
dugptopu.jpg,dataset/source/Type2/173.jpg,Type2
icpvqtun.jpg,dataset/source/Type2/175.jpg,Type2
yxtceuhe.jpg,dataset/source/Type2/177.jpg,Type2
ppiltfxz.jpg,dataset/source/Type2/180.jpg,Type2
fazjfini.jpg,dataset/source/Type2/183.jpg,Type2
dbgceksy.jpg,dataset/source/Type2/191.jpg,Type2
mjsfuihk.jpg,dataset/source/Type2/192.jpg,Type2
pqjmkaqn.jpg,dataset/source/Type2/203.jpg,Type2
lrfryopa.jpg,dataset/source/Type2/215.jpg,Type2
zprgcwnr.jpg,dataset/source/Type2/221.jpg,Type2
ytvyeilu.jpg,dataset/source/Type2/236.jpg,Type2
ztsusegw.jpg,dataset/source/Type2/237.jpg,Type2
qskkuxvh.jpg,dataset/source/Type2/241.jpg,Type2
ylqhkvzh.jpg,dataset/source/Type2/245.jpg,Type2
lzqkosvd.jpg,dataset/source/Type2/252.jpg,Type2
cybqsyqt.jpg,dataset/source/Type2/254.jpg,Type2
lqwdeoev.jpg,dataset/source/Type2/256.jpg,Type2
krbhffzt.jpg,dataset/source/Type2/271.jpg,Type2
arqyleiq.jpg,dataset/source/Type2/275.jpg,Type2
moujeblr.jpg,dataset/source/Type2/279.jpg,Type2
ctsdwqjz.jpg,dataset/source/Type2/286.jpg,Type2
qmfxmwyb.jpg,dataset/source/Type2/287.jpg,Type2
weapiugy.jpg,dataset/source/Type2/304.jpg,Type2
rxlcsgyg.jpg,dataset/source/Type2/305.jpg,Type2
kyztfoja.jpg,dataset/source/Type2/306.jpg,Type2
sngkzmjx.jpg,dataset/source/Type2/314.jpg,Type2
qfinvxux.jpg,dataset/source/Type2/316.jpg,Type2
gvtmouoc.jpg,dataset/source/Type2/326.jpg,Type2
tzgpydxj.jpg,dataset/source/Type2/329.jpg,Type2
boagqopc.jpg,dataset/source/Type2/332.jpg,Type2
taudcbdn.jpg,dataset/source/Type2/333.jpg,Type2
givdtieb.jpg,dataset/source/Type2/336.jpg,Type2
buqcpcmk.jpg,dataset/source/Type2/337.jpg,Type2
ozahyutq.jpg,dataset/source/Type2/348.jpg,Type2
sbbsxouu.jpg,dataset/source/Type2/351.jpg,Type2
qjfmobgd.jpg,dataset/source/Type2/352.jpg,Type2
tlrxvyqx.jpg,dataset/source/Type2/362.jpg,Type2
vjkldtke.jpg,dataset/source/Type2/363.jpg,Type2
ypcbehoz.jpg,dataset/source/Type2/365.jpg,Type2
syldwxxw.jpg,dataset/source/Type2/368.jpg,Type2
gkgvonin.jpg,dataset/source/Type2/370.jpg,Type2
ykrzntsh.jpg,dataset/source/Type2/371.jpg,Type2
uplqrric.jpg,dataset/source/Type2/381.jpg,Type2
fcvfsfmh.jpg,dataset/source/Type2/382.jpg,Type2
iyiyrrdc.jpg,dataset/source/Type2/386.jpg,Type2
dwgcfzzx.jpg,dataset/source/Type2/394.jpg,Type2
rpigepwj.jpg,dataset/source/Type2/404.jpg,Type2
fddnjxfn.jpg,dataset/source/Type2/406.jpg,Type2
cuprtnhh.jpg,dataset/source/Type2/412.jpg,Type2
iodchszn.jpg,dataset/source/Type3/3.jpg,Type3
mixgndby.jpg,dataset/source/Type3/11.jpg,Type3
nccnwweg.jpg,dataset/source/Type3/16.jpg,Type3
zcfcdpad.jpg,dataset/source/Type3/20.jpg,Type3
vseelsct.jpg,dataset/source/Type3/21.jpg,Type3
siqxhrmu.jpg,dataset/source/Type3/33.jpg,Type3
pygnwqwi.jpg,dataset/source/Type3/37.jpg,Type3
fmqgkufk.jpg,dataset/source/Type3/39.jpg,Type3
zdjblqqd.jpg,dataset/source/Type3/42.jpg,Type3
rkfxobwo.jpg,dataset/source/Type3/46.jpg,Type3
berzgcvt.jpg,dataset/source/Type3/49.jpg,Type3
fxswctqj.jpg,dataset/source/Type3/74.jpg,Type3
lrhjmxun.jpg,dataset/source/Type3/77.jpg,Type3
enrntoiw.jpg,dataset/source/Type3/82.jpg,Type3
hjqqsaxv.jpg,dataset/source/Type3/85.jpg,Type3
whpkryqj.jpg,dataset/source/Type3/86.jpg,Type3
glmfukjb.jpg,dataset/source/Type3/104.jpg,Type3
rwrfsvhb.jpg,dataset/source/Type3/105.jpg,Type3
aswfzkhe.jpg,dataset/source/Type3/106.jpg,Type3
ucymaysc.jpg,dataset/source/Type3/116.jpg,Type3
pnmfrmqp.jpg,dataset/source/Type3/125.jpg,Type3
xfcjbabk.jpg,dataset/source/Type3/132.jpg,Type3
kocilunk.jpg,dataset/source/Type3/150.jpg,Type3
wovizrzx.jpg,dataset/source/Type3/151.jpg,Type3
dfmhhlfj.jpg,dataset/source/Type3/155.jpg,Type3
jhvmrrxp.jpg,dataset/source/Type3/158.jpg,Type3
waqcvbdn.jpg,dataset/source/Type3/163.jpg,Type3
pslpvlaz.jpg,dataset/source/Type3/164.jpg,Type3
suishven.jpg,dataset/source/Type3/166.jpg,Type3
dkwgmvaw.jpg,dataset/source/Type3/170.jpg,Type3
ccdlrxcr.jpg,dataset/source/Type3/172.jpg,Type3
suabdqhi.jpg,dataset/source/Type3/180.jpg,Type3
ccdcmecn.jpg,dataset/source/Type3/186.jpg,Type3
uhgpjmby.jpg,dataset/source/Type3/187.jpg,Type3
btllkatz.jpg,dataset/source/Type3/193.jpg,Type3
ucqmeict.jpg,dataset/source/Type3/196.jpg,Type3
wluibszg.jpg,dataset/source/Type3/199.jpg,Type3
vahdqqva.jpg,dataset/source/Type3/209.jpg,Type3
tfuwyscq.jpg,dataset/source/Type3/210.jpg,Type3
pabsouwr.jpg,dataset/source/Type3/216.jpg,Type3
jzcjhysx.jpg,dataset/source/Type3/224.jpg,Type3
eivewipz.jpg,dataset/source/Type3/229.jpg,Type3
shqjfgwb.jpg,dataset/source/Type3/231.jpg,Type3
wrtbpipf.jpg,dataset/source/Type3/238.jpg,Type3
jpkofcyb.jpg,dataset/source/Type3/239.jpg,Type3
ovkawycm.jpg,dataset/source/Type3/240.jpg,Type3
ztjkanxf.jpg,dataset/source/Type3/247.jpg,Type3
wfrrjqsf.jpg,dataset/source/Type3/250.jpg,Type3
mmxcztth.jpg,dataset/source/Type3/251.jpg,Type3
jbigocmg.jpg,dataset/source/Type3/272.jpg,Type3
cfxhokch.jpg,dataset/source/Type3/278.jpg,Type3
cxpvdmlz.jpg,dataset/source/Type3/285.jpg,Type3
jqmuehqe.jpg,dataset/source/Type3/292.jpg,Type3
oyxvqdlg.jpg,dataset/source/Type3/297.jpg,Type3
acxggawl.jpg,dataset/source/Type3/299.jpg,Type3
hyqfziph.jpg,dataset/source/Type3/302.jpg,Type3
wqocutav.jpg,dataset/source/Type3/305.jpg,Type3
ybyiefyq.jpg,dataset/source/Type3/306.jpg,Type3
qeokybxy.jpg,dataset/source/Type3/322.jpg,Type3
kgsexbqj.jpg,dataset/source/Type3/323.jpg,Type3
bjywshby.jpg,dataset/source/Type3/324.jpg,Type3
vawluyts.jpg,dataset/source/Type3/328.jpg,Type3
ougxsahe.jpg,dataset/source/Type3/331.jpg,Type3
wkyuxevv.jpg,dataset/source/Type3/334.jpg,Type3
owqjoyud.jpg,dataset/source/Type3/335.jpg,Type3
isnqyrrh.jpg,dataset/source/Type3/347.jpg,Type3
rlhkriaj.jpg,dataset/source/Type3/352.jpg,Type3
dcyqcukl.jpg,dataset/source/Type3/353.jpg,Type3
hxjnjyms.jpg,dataset/source/Type3/364.jpg,Type3
gxazbskl.jpg,dataset/source/Type3/370.jpg,Type3
qaawfuvv.jpg,dataset/source/Type3/382.jpg,Type3
kmauqgue.jpg,dataset/source/Type3/387.jpg,Type3
ziwafmpf.jpg,dataset/source/Type3/388.jpg,Type3
jhcshryl.jpg,dataset/source/Type3/389.jpg,Type3
encoscdx.jpg,dataset/source/Type3/399.jpg,Type3
ziqcazbl.jpg,dataset/source/Type3/401.jpg,Type3
ngfolwad.jpg,dataset/source/Type3/405.jpg,Type3
fxlrzfif.jpg,dataset/source/Type3/412.jpg,Type3
iidbdebp.jpg,dataset/source/Type3/418.jpg,Type3
qxnwefpe.jpg,dataset/source/Type3/427.jpg,Type3
pewnrbvs.jpg,dataset/source/Type3/430.jpg,Type3
wklfbwhd.jpg,dataset/source/Type3/438.jpg,Type3
xvgkvgax.jpg,dataset/source/Type3/440.jpg,Type3
lsxwvudy.jpg,dataset/source/Type3/452.jpg,Type3
dphjkdgw.jpg,dataset/source/Type3/454.jpg,Type3
vdtdzcpw.jpg,dataset/source/Type3/458.jpg,Type3
oqlrprmb.jpg,dataset/source/Type3/460.jpg,Type3
zetzjkln.jpg,dataset/source/Type3/463.jpg,Type3
nxvvymdx.jpg,dataset/source/Type3/467.jpg,Type3
wocpsmqf.jpg,dataset/source/Type3/471.jpg,Type3
djmfsdbu.jpg,dataset/source/Type3/477.jpg,Type3
lpflwzqo.jpg,dataset/source/Type3/480.jpg,Type3
jlmekjsr.jpg,dataset/source/Type3/482.jpg,Type3
aktzamko.jpg,dataset/source/Type3/484.jpg,Type3
htolqgdl.jpg,dataset/source/Type3/490.jpg,Type3
zsldutqi.jpg,dataset/source/Type3/491.jpg,Type3
zyedwbcx.jpg,dataset/source/Type3/493.jpg,Type3
ubrphyrz.jpg,dataset/source/Type3/494.jpg,Type3
seblmtem.jpg,dataset/source/Type3/497.jpg,Type3
rtweiimo.jpg,dataset/source/Type3/503.jpg,Type3
crzshgiy.jpg,dataset/source/Type3/506.jpg,Type3
cufqdwwm.jpg,dataset/source/Type3/510.jpg,Type3
xmfglmrs.jpg,dataset/source/Type3/515.jpg,Type3
cdbocptb.jpg,dataset/source/Type3/517.jpg,Type3
earogith.jpg,dataset/source/Type3/521.jpg,Type3
lgxecwwb.jpg,dataset/source/Type3/524.jpg,Type3
lsticrfu.jpg,dataset/source/Type3/527.jpg,Type3
hqdhsaai.jpg,dataset/source/Type3/528.jpg,Type3
tvzksjxh.jpg,dataset/source/Type3/533.jpg,Type3
djcixods.jpg,dataset/source/Type3/545.jpg,Type3
rgvnixgh.jpg,dataset/source/Type3/551.jpg,Type3
qrttnjlq.jpg,dataset/source/Type3/554.jpg,Type3
szunpkqn.jpg,dataset/source/Type3/556.jpg,Type3
tqaewqnn.jpg,dataset/source/Type3/560.jpg,Type3
ghalzrjx.jpg,dataset/source/Type3/571.jpg,Type3
nsxhjisy.jpg,dataset/source/Type3/577.jpg,Type3
wwfxlgol.jpg,dataset/source/Type1/2.jpg,Type1
qubaeyjm.jpg,dataset/source/Type1/7.jpg,Type1
baiqlgbq.jpg,dataset/source/Type1/8.jpg,Type1
epesuare.jpg,dataset/source/Type1/12.jpg,Type1
lwptztsq.jpg,dataset/source/Type1/16.jpg,Type1
rwtdqovw.jpg,dataset/source/Type1/18.jpg,Type1
yctmmvpk.jpg,dataset/source/Type1/28.jpg,Type1
ucjcdsfw.jpg,dataset/source/Type1/31.jpg,Type1
cqeapsaw.jpg,dataset/source/Type1/43.jpg,Type1
bdlddfbl.jpg,dataset/source/Type1/44.jpg,Type1
