filename,ans
217.jpg,Type0
231.jpg,Type0
475.jpg,Type0
588.jpg,Type0
623.jpg,Type0
646.jpg,Type0
773.jpg,Type0
848.jpg,Type0
899.jpg,Type0
902.jpg,Type2
974.jpg,Type3
1038.jpg,Type2
1040.jpg,Type0
1214.jpg,Type0
1300.jpg,Type2
1378.jpg,Type0
1523.jpg,Type0
1592.jpg,Type0
1722.jpg,Type1
1805.jpg,Type0
1904.jpg,Type0
1922.jpg,Type3
1932.jpg,Type0
1938.jpg,Type0
2189.jpg,Type0
2303.jpg,Type3
2327.jpg,Type2
2335.jpg,Type0
2675.jpg,Type3
2712.jpg,Type0
2738.jpg,Type0
2786.jpg,Type0
2811.jpg,Type3
2884.jpg,Type3
2943.jpg,Type3
2944.jpg,Type0
2963.jpg,Type0
2975.jpg,Type3
3020.jpg,Type3
3028.jpg,Type0
3083.jpg,Type0
3095.jpg,Type3
3238.jpg,Type0
3291.jpg,Type0
3321.jpg,Type0
3446.jpg,Type0
3484.jpg,Type0
3554.jpg,Type0
3612.jpg,Type0
3620.jpg,Type2
3664.jpg,Type3
3840.jpg,Type3
3874.jpg,Type0
3911.jpg,Type0
4089.jpg,Type0
4129.jpg,Type0
4169.jpg,Type3
4176.jpg,Type0
4280.jpg,Type0
4314.jpg,Type0
4506.jpg,Type2
4653.jpg,Type0
4688.jpg,Type0
4691.jpg,Type2
4712.jpg,Type0
4778.jpg,Type0
4813.jpg,Type1
4854.jpg,Type2
4914.jpg,Type3
4957.jpg,Type0
5026.jpg,Type0
5042.jpg,Type3
5118.jpg,Type0
5149.jpg,Type3
5150.jpg,Type0
5159.jpg,Type2
5301.jpg,Type3
5318.jpg,Type0
5669.jpg,Type3
5807.jpg,Type2
5822.jpg,Type0
5967.jpg,Type3
6117.jpg,Type0
6122.jpg,Type2
6208.jpg,Type1
6262.jpg,Type3
6291.jpg,Type0
6300.jpg,Type0
6382.jpg,Type0
6390.jpg,Type0
6427.jpg,Type0
6617.jpg,Type3
6634.jpg,Type0
6733.jpg,Type2
6857.jpg,Type3
6874.jpg,Type2
6958.jpg,Type2
7005.jpg,Type2
7017.jpg,Type2
7035.jpg,Type2
7103.jpg,Type0
7132.jpg,Type0
7231.jpg,Type0
7279.jpg,Type0
7434.jpg,Type0
7608.jpg,Type0
7629.jpg,Type3
7680.jpg,Type1
7795.jpg,Type2
7815.jpg,Type0
7839.jpg,Type0
7935.jpg,Type0
8047.jpg,Type0
8129.jpg,Type3
8177.jpg,Type0
8184.jpg,Type0
8238.jpg,Type0
8281.jpg,Type2
8321.jpg,Type3
8345.jpg,Type0
8410.jpg,Type0
8423.jpg,Type3
8438.jpg,Type2
8490.jpg,Type0
8539.jpg,Type0
8576.jpg,Type3
8717.jpg,Type0
8718.jpg,Type3
8751.jpg,Type0
8820.jpg,Type2
8837.jpg,Type0
8929.jpg,Type0
8944.jpg,Type0
8967.jpg,Type2
8997.jpg,Type3
9026.jpg,Type3
9094.jpg,Type0
9193.jpg,Type0
9266.jpg,Type0
9357.jpg,Type0
9509.jpg,Type0
9579.jpg,Type3
9825.jpg,Type2
9826.jpg,Type3
9896.jpg,Type0
10045.jpg,Type0
10068.jpg,Type2
10166.jpg,Type0
10194.jpg,Type0
10291.jpg,Type0
10304.jpg,Type3
10319.jpg,Type0
10328.jpg,Type0
10476.jpg,Type1
10735.jpg,Type1
10759.jpg,Type0
10896.jpg,Type0
11028.jpg,Type0
11067.jpg,Type0
11112.jpg,Type0
11185.jpg,Type3
11285.jpg,Type0
11291.jpg,Type0
11408.jpg,Type0
11700.jpg,Type0
11796.jpg,Type2
11917.jpg,Type2
11928.jpg,Type2
11938.jpg,Type0
11945.jpg,Type0
12005.jpg,Type0
12041.jpg,Type3
12072.jpg,Type0
12117.jpg,Type2
12157.jpg,Type3
12164.jpg,Type3
12197.jpg,Type2
12255.jpg,Type2
12271.jpg,Type1
12309.jpg,Type3
12438.jpg,Type0
12495.jpg,Type0
12592.jpg,Type2
12886.jpg,Type0
12977.jpg,Type0
13028.jpg,Type3
13173.jpg,Type2
13225.jpg,Type0
13342.jpg,Type3
13425.jpg,Type0
13467.jpg,Type3
13513.jpg,Type0
13515.jpg,Type0
13614.jpg,Type0
13688.jpg,Type0
13703.jpg,Type3
13738.jpg,Type2
13833.jpg,Type2
13842.jpg,Type0
13925.jpg,Type0
14083.jpg,Type0
14117.jpg,Type0
14251.jpg,Type0
14276.jpg,Type3
14309.jpg,Type2
14344.jpg,Type0
14385.jpg,Type3
14441.jpg,Type2
14493.jpg,Type0
14559.jpg,Type3
14574.jpg,Type2
14592.jpg,Type0
14625.jpg,Type3
14637.jpg,Type0
14744.jpg,Type3
14747.jpg,Type2
14771.jpg,Type2
14912.jpg,Type0
14996.jpg,Type3
15059.jpg,Type0
15141.jpg,Type0
15177.jpg,Type3
15222.jpg,Type0
15293.jpg,Type3
15320.jpg,Type0
15348.jpg,Type0
15452.jpg,Type0
15775.jpg,Type3
15809.jpg,Type0
15822.jpg,Type1
15908.jpg,Type0
15937.jpg,Type2
15972.jpg,Type0
16067.jpg,Type0
16104.jpg,Type3
16143.jpg,Type0
16213.jpg,Type0
16522.jpg,Type0
16523.jpg,Type0
16527.jpg,Type0
16533.jpg,Type0
16568.jpg,Type0
16771.jpg,Type3
16794.jpg,Type3
16856.jpg,Type3
16943.jpg,Type0
17017.jpg,Type0
17048.jpg,Type0
17208.jpg,Type0
17264.jpg,Type0
17291.jpg,Type0
17337.jpg,Type3
17379.jpg,Type0
17385.jpg,Type0
17447.jpg,Type2
17499.jpg,Type0
17511.jpg,Type2
17512.jpg,Type3
17546.jpg,Type3
17757.jpg,Type0
17776.jpg,Type0
17811.jpg,Type0
17868.jpg,Type0
17987.jpg,Type2
18086.jpg,Type0
18283.jpg,Type0
18285.jpg,Type0
18305.jpg,Type0
18307.jpg,Type0
18629.jpg,Type2
18637.jpg,Type2
18737.jpg,Type3
18798.jpg,Type3
19012.jpg,Type3
19075.jpg,Type0
19100.jpg,Type2
19149.jpg,Type3
19160.jpg,Type2
19294.jpg,Type3
19322.jpg,Type0
19331.jpg,Type3
19408.jpg,Type0
19413.jpg,Type0
19466.jpg,Type0
19480.jpg,Type3
19543.jpg,Type0
19550.jpg,Type3
19575.jpg,Type0
19609.jpg,Type0
19630.jpg,Type0
19823.jpg,Type2
19842.jpg,Type0
19847.jpg,Type2
19914.jpg,Type0
19988.jpg,Type3
20035.jpg,Type0
20249.jpg,Type0
20331.jpg,Type3
20374.jpg,Type0
20457.jpg,Type3
20748.jpg,Type2
20785.jpg,Type0
20788.jpg,Type0
20792.jpg,Type0
20799.jpg,Type0
20867.jpg,Type0
20932.jpg,Type2
20942.jpg,Type0
20985.jpg,Type3
21381.jpg,Type3
21590.jpg,Type2
21759.jpg,Type0
21859.jpg,Type0
22002.jpg,Type2
22023.jpg,Type3
22059.jpg,Type0
22099.jpg,Type0
22151.jpg,Type0
22187.jpg,Type3
22261.jpg,Type3
22425.jpg,Type2
22486.jpg,Type0
22575.jpg,Type3
22632.jpg,Type0
22687.jpg,Type0
22751.jpg,Type2
22834.jpg,Type0
22931.jpg,Type0
22947.jpg,Type0
22955.jpg,Type3
22971.jpg,Type0
23174.jpg,Type0
23187.jpg,Type0
23208.jpg,Type3
23227.jpg,Type0
23255.jpg,Type0
23302.jpg,Type2
23358.jpg,Type0
23365.jpg,Type0
23652.jpg,Type2
23703.jpg,Type3
23751.jpg,Type0
23773.jpg,Type3
23814.jpg,Type0
23853.jpg,Type3
23924.jpg,Type0
24024.jpg,Type3
24077.jpg,Type2
24157.jpg,Type0
24158.jpg,Type3
24162.jpg,Type2
24164.jpg,Type2
24194.jpg,Type3
24212.jpg,Type0
24219.jpg,Type0
24333.jpg,Type0
24382.jpg,Type3
24413.jpg,Type2
24416.jpg,Type3
24490.jpg,Type3
24675.jpg,Type3
24686.jpg,Type0
24705.jpg,Type2
24727.jpg,Type3
24781.jpg,Type3
25027.jpg,Type0
25131.jpg,Type2
25353.jpg,Type2
25451.jpg,Type3
25524.jpg,Type0
25672.jpg,Type0
25698.jpg,Type0
25791.jpg,Type2
25853.jpg,Type2
25860.jpg,Type0
25891.jpg,Type0
25984.jpg,Type0
26000.jpg,Type3
26136.jpg,Type0
26160.jpg,Type0
26198.jpg,Type1
26207.jpg,Type0
26252.jpg,Type2
26331.jpg,Type0
26348.jpg,Type0
26394.jpg,Type0
26467.jpg,Type0
26516.jpg,Type0
26518.jpg,Type0
26557.jpg,Type2
26622.jpg,Type0
26663.jpg,Type0
26704.jpg,Type3
26848.jpg,Type0
26908.jpg,Type0
27010.jpg,Type0
27037.jpg,Type2
27045.jpg,Type0
27110.jpg,Type0
27294.jpg,Type3
27334.jpg,Type3
27442.jpg,Type0
27474.jpg,Type3
27560.jpg,Type2
27563.jpg,Type3
27600.jpg,Type3
27726.jpg,Type0
27815.jpg,Type0
27851.jpg,Type0
27940.jpg,Type3
27982.jpg,Type0
28005.jpg,Type0
28060.jpg,Type0
28063.jpg,Type0
28174.jpg,Type0
28208.jpg,Type0
28336.jpg,Type0
28355.jpg,Type2
28373.jpg,Type0
28429.jpg,Type0
28435.jpg,Type2
28436.jpg,Type3
28511.jpg,Type0
28558.jpg,Type2
28590.jpg,Type0
28611.jpg,Type3
28774.jpg,Type0
28916.jpg,Type0
28926.jpg,Type3
29060.jpg,Type0
29114.jpg,Type2
29209.jpg,Type3
29256.jpg,Type0
29263.jpg,Type0
29265.jpg,Type0
29266.jpg,Type0
29335.jpg,Type0
29465.jpg,Type2
29475.jpg,Type3
29597.jpg,Type0
29766.jpg,Type2
29770.jpg,Type2
29798.jpg,Type0
29851.jpg,Type3
29946.jpg,Type0
30132.jpg,Type3
30255.jpg,Type3
30320.jpg,Type0
30394.jpg,Type3
30399.jpg,Type0
30403.jpg,Type0
30448.jpg,Type3
30552.jpg,Type3
30666.jpg,Type0
30692.jpg,Type3
30793.jpg,Type2
30891.jpg,Type0
31023.jpg,Type0
31025.jpg,Type2
31191.jpg,Type0
31196.jpg,Type1
31198.jpg,Type3
31278.jpg,Type0
31281.jpg,Type3
31447.jpg,Type0
31505.jpg,Type2
31567.jpg,Type0
31687.jpg,Type0
31745.jpg,Type2
31841.jpg,Type0
31861.jpg,Type2
31944.jpg,Type0
31965.jpg,Type0
32014.jpg,Type0
32029.jpg,Type3
32261.jpg,Type0
32391.jpg,Type0
32601.jpg,Type0
32657.jpg,Type0
32665.jpg,Type0
32719.jpg,Type0
32748.jpg,Type0
32971.jpg,Type3
33111.jpg,Type2
33114.jpg,Type0
33162.jpg,Type0
33233.jpg,Type0
33234.jpg,Type3
33307.jpg,Type3
33357.jpg,Type0
33367.jpg,Type0
33382.jpg,Type2
33393.jpg,Type0
33470.jpg,Type0
33571.jpg,Type0
